[{"StepRow": 1, "Code": "CastOn", "Action": "", "FontColor": [0.8784313725490196, 0.9490196078431372, 0.9450980392156862, 1], "CodeStepNum": 1, "HowManyTimes": 1}, {"StepRow": 2, "Code": "RightSide", "Action": "Knit", "FontColor": [0.7333333333333333, 0.8666666666666667, 0.984313725490196, 1], "CodeStepNum": 1, "HowManyTimes": 50}, {"StepRow": 4, "Code": "RightSide", "Action": "Knit", "FontColor": [0.7333333333333333, 0.8666666666666667, 0.984313725490196, 1], "CodeStepNum": 2, "HowManyTimes": 50}, {"StepRow": 6, "Code": "RightSide", "Action": "Knit", "FontColor": [0.7333333333333333, 0.8666666666666667, 0.984313725490196, 1], "CodeStepNum": 3, "HowManyTimes": 50}, {"StepRow": 8, "Code": "RightSide", "Action": "Knit", "FontColor": [0.7333333333333333, 0.8666666666666667, 0.984313725490196, 1], "CodeStepNum": 4, "HowManyTimes": 50}, {"StepRow": 10, "Code": "RightSide", "Action": "Knit", "FontColor": [0.7333333333333333, 0.8666666666666667, 0.984313725490196, 1], "CodeStepNum": 5, "HowManyTimes": 50}, {"StepRow": 12, "Code": "RightSide", "Action": "Knit", "FontColor": [0.7333333333333333, 0.8666666666666667, 0.984313725490196, 1], "CodeStepNum": 6, "HowManyTimes": 50}, {"StepRow": 14, "Code": "RightSide", "Action": "Knit", "FontColor": [0.7333333333333333, 0.8666666666666667, 0.984313725490196, 1], "CodeStepNum": 7, "HowManyTimes": 50}, {"StepRow": 16, "Code": "RightSide", "Action": "Knit", "FontColor": [0.7333333333333333, 0.8666666666666667, 0.984313725490196, 1], "CodeStepNum": 8, "HowManyTimes": 50}, {"StepRow": 18, "Code": "RightSide", "Action": "Knit", "FontColor": [0.7333333333333333, 0.8666666666666667, 0.984313725490196, 1], "CodeStepNum": 9, "HowManyTimes": 50}, {"StepRow": 20, "Code": "RightSide", "Action": "Knit", "FontColor": [0.7333333333333333, 0.8666666666666667, 0.984313725490196, 1], "CodeStepNum": 10, "HowManyTimes": 50}, {"StepRow": 22, "Code": "RightSide", "Action": "Knit", "FontColor": [0.7333333333333333, 0.8666666666666667, 0.984313725490196, 1], "CodeStepNum": 11, "HowManyTimes": 50}, {"StepRow": 24, "Code": "RightSide", "Action": "Knit", "FontColor": [0.7333333333333333, 0.8666666666666667, 0.984313725490196, 1], "CodeStepNum": 12, "HowManyTimes": 50}, {"StepRow": 26, "Code": "RightSide", "Action": "Knit", "FontColor": [0.7333333333333333, 0.8666666666666667, 0.984313725490196, 1], "CodeStepNum": 13, "HowManyTimes": 50}, {"StepRow": 28, "Code": "RightSide", "Action": "Knit", "FontColor": [0.7333333333333333, 0.8666666666666667, 0.984313725490196, 1], "CodeStepNum": 14, "HowManyTimes": 50}, {"StepRow": 30, "Code": "RightSide", "Action": "Knit", "FontColor": [0.7333333333333333, 0.8666666666666667, 0.984313725490196, 1], "CodeStepNum": 15, "HowManyTimes": 50}, {"StepRow": 32, "Code": "RightSide", "Action": "Knit", "FontColor": [0.7333333333333333, 0.8666666666666667, 0.984313725490196, 1], "CodeStepNum": 16, "HowManyTimes": 50}, {"StepRow": 34, "Code": "RightSide", "Action": "Knit", "FontColor": [0.7333333333333333, 0.8666666666666667, 0.984313725490196, 1], "CodeStepNum": 17, "HowManyTimes": 50}, {"StepRow": 36, "Code": "RightSide", "Action": "Knit", "FontColor": [0.7333333333333333, 0.8666666666666667, 0.984313725490196, 1], "CodeStepNum": 18, "HowManyTimes": 50}, {"StepRow": 38, "Code": "RightSide", "Action": "Knit", "FontColor": [0.7333333333333333, 0.8666666666666667, 0.984313725490196, 1], "CodeStepNum": 19, "HowManyTimes": 50}, {"StepRow": 40, "Code": "RightSide", "Action": "Knit", "FontColor": [0.7333333333333333, 0.8666666666666667, 0.984313725490196, 1], "CodeStepNum": 20, "HowManyTimes": 50}, {"StepRow": 42, "Code": "RightSide", "Action": "Knit", "FontColor": [0.7333333333333333, 0.8666666666666667, 0.984313725490196, 1], "CodeStepNum": 21, "HowManyTimes": 50}, {"StepRow": 44, "Code": "RightSide", "Action": "Knit", "FontColor": [0.7333333333333333, 0.8666666666666667, 0.984313725490196, 1], "CodeStepNum": 22, "HowManyTimes": 50}, {"StepRow": 46, "Code": "RightSide", "Action": "Knit", "FontColor": [0.7333333333333333, 0.8666666666666667, 0.984313725490196, 1], "CodeStepNum": 23, "HowManyTimes": 50}, {"StepRow": 48, "Code": "RightSide", "Action": "Knit", "FontColor": [0.7333333333333333, 0.8666666666666667, 0.984313725490196, 1], "CodeStepNum": 24, "HowManyTimes": 50}, {"StepRow": 50, "Code": "RightSide", "Action": "Knit", "FontColor": [0.7333333333333333, 0.8666666666666667, 0.984313725490196, 1], "CodeStepNum": 25, "HowManyTimes": 50}, {"StepRow": 52, "Code": "RightSide", "Action": "Knit", "FontColor": [0.7333333333333333, 0.8666666666666667, 0.984313725490196, 1], "CodeStepNum": 26, "HowManyTimes": 50}, {"StepRow": 54, "Code": "RightSide", "Action": "Knit", "FontColor": [0.7333333333333333, 0.8666666666666667, 0.984313725490196, 1], "CodeStepNum": 27, "HowManyTimes": 50}, {"StepRow": 56, "Code": "RightSide", "Action": "Knit", "FontColor": [0.7333333333333333, 0.8666666666666667, 0.984313725490196, 1], "CodeStepNum": 28, "HowManyTimes": 50}, {"StepRow": 58, "Code": "RightSide", "Action": "Knit", "FontColor": [0.7333333333333333, 0.8666666666666667, 0.984313725490196, 1], "CodeStepNum": 29, "HowManyTimes": 50}, {"StepRow": 60, "Code": "RightSide", "Action": "Knit", "FontColor": [0.7333333333333333, 0.8666666666666667, 0.984313725490196, 1], "CodeStepNum": 30, "HowManyTimes": 50}, {"StepRow": 62, "Code": "RightSide", "Action": "Knit", "FontColor": [0.7333333333333333, 0.8666666666666667, 0.984313725490196, 1], "CodeStepNum": 31, "HowManyTimes": 50}, {"StepRow": 64, "Code": "RightSide", "Action": "Knit", "FontColor": [0.7333333333333333, 0.8666666666666667, 0.984313725490196, 1], "CodeStepNum": 32, "HowManyTimes": 50}, {"StepRow": 66, "Code": "RightSide", "Action": "Knit", "FontColor": [0.7333333333333333, 0.8666666666666667, 0.984313725490196, 1], "CodeStepNum": 33, "HowManyTimes": 50}, {"StepRow": 68, "Code": "RightSide", "Action": "Knit", "FontColor": [0.7333333333333333, 0.8666666666666667, 0.984313725490196, 1], "CodeStepNum": 34, "HowManyTimes": 50}, {"StepRow": 70, "Code": "RightSide", "Action": "Knit", "FontColor": [0.7333333333333333, 0.8666666666666667, 0.984313725490196, 1], "CodeStepNum": 35, "HowManyTimes": 50}, {"StepRow": 72, "Code": "RightSide", "Action": "Knit", "FontColor": [0.7333333333333333, 0.8666666666666667, 0.984313725490196, 1], "CodeStepNum": 36, "HowManyTimes": 50}, {"StepRow": 74, "Code": "RightSide", "Action": "Knit", "FontColor": [0.7333333333333333, 0.8666666666666667, 0.984313725490196, 1], "CodeStepNum": 37, "HowManyTimes": 50}, {"StepRow": 76, "Code": "RightSide", "Action": "Knit", "FontColor": [0.7333333333333333, 0.8666666666666667, 0.984313725490196, 1], "CodeStepNum": 38, "HowManyTimes": 50}, {"StepRow": 78, "Code": "RightSide", "Action": "Knit", "FontColor": [0.7333333333333333, 0.8666666666666667, 0.984313725490196, 1], "CodeStepNum": 39, "HowManyTimes": 50}, {"StepRow": 80, "Code": "RightSide", "Action": "Knit", "FontColor": [0.7333333333333333, 0.8666666666666667, 0.984313725490196, 1], "CodeStepNum": 40, "HowManyTimes": 50}, {"StepRow": 82, "Code": "RightSide", "Action": "Knit", "FontColor": [0.7333333333333333, 0.8666666666666667, 0.984313725490196, 1], "CodeStepNum": 41, "HowManyTimes": 50}, {"StepRow": 84, "Code": "RightSide", "Action": "Knit", "FontColor": [0.7333333333333333, 0.8666666666666667, 0.984313725490196, 1], "CodeStepNum": 42, "HowManyTimes": 50}, {"StepRow": 86, "Code": "RightSide", "Action": "Knit", "FontColor": [0.7333333333333333, 0.8666666666666667, 0.984313725490196, 1], "CodeStepNum": 43, "HowManyTimes": 50}, {"StepRow": 88, "Code": "RightSide", "Action": "Knit", "FontColor": [0.7333333333333333, 0.8666666666666667, 0.984313725490196, 1], "CodeStepNum": 44, "HowManyTimes": 50}, {"StepRow": 90, "Code": "RightSide", "Action": "Knit", "FontColor": [0.7333333333333333, 0.8666666666666667, 0.984313725490196, 1], "CodeStepNum": 45, "HowManyTimes": 50}, {"StepRow": 92, "Code": "RightSide", "Action": "Knit", "FontColor": [0.7333333333333333, 0.8666666666666667, 0.984313725490196, 1], "CodeStepNum": 46, "HowManyTimes": 50}, {"StepRow": 94, "Code": "RightSide", "Action": "Knit", "FontColor": [0.7333333333333333, 0.8666666666666667, 0.984313725490196, 1], "CodeStepNum": 47, "HowManyTimes": 50}, {"StepRow": 96, "Code": "RightSide", "Action": "Knit", "FontColor": [0.7333333333333333, 0.8666666666666667, 0.984313725490196, 1], "CodeStepNum": 48, "HowManyTimes": 50}, {"StepRow": 98, "Code": "RightSide", "Action": "Knit", "FontColor": [0.7333333333333333, 0.8666666666666667, 0.984313725490196, 1], "CodeStepNum": 49, "HowManyTimes": 50}, {"StepRow": 100, "Code": "RightSide", "Action": "Knit", "FontColor": [0.7333333333333333, 0.8666666666666667, 0.984313725490196, 1], "CodeStepNum": 50, "HowManyTimes": 50}, {"StepRow": 3, "Code": "WrongSide", "Action": "Purl", "FontColor": [0.9725490196078431, 0.7333333333333333, 0.8156862745098039, 1], "CodeStepNum": 1, "HowManyTimes": 50}, {"StepRow": 5, "Code": "WrongSide", "Action": "Purl", "FontColor": [0.9725490196078431, 0.7333333333333333, 0.8156862745098039, 1], "CodeStepNum": 2, "HowManyTimes": 50}, {"StepRow": 7, "Code": "WrongSide", "Action": "Purl", "FontColor": [0.9725490196078431, 0.7333333333333333, 0.8156862745098039, 1], "CodeStepNum": 3, "HowManyTimes": 50}, {"StepRow": 9, "Code": "WrongSide", "Action": "Purl", "FontColor": [0.9725490196078431, 0.7333333333333333, 0.8156862745098039, 1], "CodeStepNum": 4, "HowManyTimes": 50}, {"StepRow": 11, "Code": "WrongSide", "Action": "Purl", "FontColor": [0.9725490196078431, 0.7333333333333333, 0.8156862745098039, 1], "CodeStepNum": 5, "HowManyTimes": 50}, {"StepRow": 13, "Code": "WrongSide", "Action": "Purl", "FontColor": [0.9725490196078431, 0.7333333333333333, 0.8156862745098039, 1], "CodeStepNum": 6, "HowManyTimes": 50}, {"StepRow": 15, "Code": "WrongSide", "Action": "Purl", "FontColor": [0.9725490196078431, 0.7333333333333333, 0.8156862745098039, 1], "CodeStepNum": 7, "HowManyTimes": 50}, {"StepRow": 17, "Code": "WrongSide", "Action": "Purl", "FontColor": [0.9725490196078431, 0.7333333333333333, 0.8156862745098039, 1], "CodeStepNum": 8, "HowManyTimes": 50}, {"StepRow": 19, "Code": "WrongSide", "Action": "Purl", "FontColor": [0.9725490196078431, 0.7333333333333333, 0.8156862745098039, 1], "CodeStepNum": 9, "HowManyTimes": 50}, {"StepRow": 21, "Code": "WrongSide", "Action": "Purl", "FontColor": [0.9725490196078431, 0.7333333333333333, 0.8156862745098039, 1], "CodeStepNum": 10, "HowManyTimes": 50}, {"StepRow": 23, "Code": "WrongSide", "Action": "Purl", "FontColor": [0.9725490196078431, 0.7333333333333333, 0.8156862745098039, 1], "CodeStepNum": 11, "HowManyTimes": 50}, {"StepRow": 25, "Code": "WrongSide", "Action": "Purl", "FontColor": [0.9725490196078431, 0.7333333333333333, 0.8156862745098039, 1], "CodeStepNum": 12, "HowManyTimes": 50}, {"StepRow": 27, "Code": "WrongSide", "Action": "Purl", "FontColor": [0.9725490196078431, 0.7333333333333333, 0.8156862745098039, 1], "CodeStepNum": 13, "HowManyTimes": 50}, {"StepRow": 29, "Code": "WrongSide", "Action": "Purl", "FontColor": [0.9725490196078431, 0.7333333333333333, 0.8156862745098039, 1], "CodeStepNum": 14, "HowManyTimes": 50}, {"StepRow": 31, "Code": "WrongSide", "Action": "Purl", "FontColor": [0.9725490196078431, 0.7333333333333333, 0.8156862745098039, 1], "CodeStepNum": 15, "HowManyTimes": 50}, {"StepRow": 33, "Code": "WrongSide", "Action": "Purl", "FontColor": [0.9725490196078431, 0.7333333333333333, 0.8156862745098039, 1], "CodeStepNum": 16, "HowManyTimes": 50}, {"StepRow": 35, "Code": "WrongSide", "Action": "Purl", "FontColor": [0.9725490196078431, 0.7333333333333333, 0.8156862745098039, 1], "CodeStepNum": 17, "HowManyTimes": 50}, {"StepRow": 37, "Code": "WrongSide", "Action": "Purl", "FontColor": [0.9725490196078431, 0.7333333333333333, 0.8156862745098039, 1], "CodeStepNum": 18, "HowManyTimes": 50}, {"StepRow": 39, "Code": "WrongSide", "Action": "Purl", "FontColor": [0.9725490196078431, 0.7333333333333333, 0.8156862745098039, 1], "CodeStepNum": 19, "HowManyTimes": 50}, {"StepRow": 41, "Code": "WrongSide", "Action": "Purl", "FontColor": [0.9725490196078431, 0.7333333333333333, 0.8156862745098039, 1], "CodeStepNum": 20, "HowManyTimes": 50}, {"StepRow": 43, "Code": "WrongSide", "Action": "Purl", "FontColor": [0.9725490196078431, 0.7333333333333333, 0.8156862745098039, 1], "CodeStepNum": 21, "HowManyTimes": 50}, {"StepRow": 45, "Code": "WrongSide", "Action": "Purl", "FontColor": [0.9725490196078431, 0.7333333333333333, 0.8156862745098039, 1], "CodeStepNum": 22, "HowManyTimes": 50}, {"StepRow": 47, "Code": "WrongSide", "Action": "Purl", "FontColor": [0.9725490196078431, 0.7333333333333333, 0.8156862745098039, 1], "CodeStepNum": 23, "HowManyTimes": 50}, {"StepRow": 49, "Code": "WrongSide", "Action": "Purl", "FontColor": [0.9725490196078431, 0.7333333333333333, 0.8156862745098039, 1], "CodeStepNum": 24, "HowManyTimes": 50}, {"StepRow": 51, "Code": "WrongSide", "Action": "Purl", "FontColor": [0.9725490196078431, 0.7333333333333333, 0.8156862745098039, 1], "CodeStepNum": 25, "HowManyTimes": 50}, {"StepRow": 53, "Code": "WrongSide", "Action": "Purl", "FontColor": [0.9725490196078431, 0.7333333333333333, 0.8156862745098039, 1], "CodeStepNum": 26, "HowManyTimes": 50}, {"StepRow": 55, "Code": "WrongSide", "Action": "Purl", "FontColor": [0.9725490196078431, 0.7333333333333333, 0.8156862745098039, 1], "CodeStepNum": 27, "HowManyTimes": 50}, {"StepRow": 57, "Code": "WrongSide", "Action": "Purl", "FontColor": [0.9725490196078431, 0.7333333333333333, 0.8156862745098039, 1], "CodeStepNum": 28, "HowManyTimes": 50}, {"StepRow": 59, "Code": "WrongSide", "Action": "Purl", "FontColor": [0.9725490196078431, 0.7333333333333333, 0.8156862745098039, 1], "CodeStepNum": 29, "HowManyTimes": 50}, {"StepRow": 61, "Code": "WrongSide", "Action": "Purl", "FontColor": [0.9725490196078431, 0.7333333333333333, 0.8156862745098039, 1], "CodeStepNum": 30, "HowManyTimes": 50}, {"StepRow": 63, "Code": "WrongSide", "Action": "Purl", "FontColor": [0.9725490196078431, 0.7333333333333333, 0.8156862745098039, 1], "CodeStepNum": 31, "HowManyTimes": 50}, {"StepRow": 65, "Code": "WrongSide", "Action": "Purl", "FontColor": [0.9725490196078431, 0.7333333333333333, 0.8156862745098039, 1], "CodeStepNum": 32, "HowManyTimes": 50}, {"StepRow": 67, "Code": "WrongSide", "Action": "Purl", "FontColor": [0.9725490196078431, 0.7333333333333333, 0.8156862745098039, 1], "CodeStepNum": 33, "HowManyTimes": 50}, {"StepRow": 69, "Code": "WrongSide", "Action": "Purl", "FontColor": [0.9725490196078431, 0.7333333333333333, 0.8156862745098039, 1], "CodeStepNum": 34, "HowManyTimes": 50}, {"StepRow": 71, "Code": "WrongSide", "Action": "Purl", "FontColor": [0.9725490196078431, 0.7333333333333333, 0.8156862745098039, 1], "CodeStepNum": 35, "HowManyTimes": 50}, {"StepRow": 73, "Code": "WrongSide", "Action": "Purl", "FontColor": [0.9725490196078431, 0.7333333333333333, 0.8156862745098039, 1], "CodeStepNum": 36, "HowManyTimes": 50}, {"StepRow": 75, "Code": "WrongSide", "Action": "Purl", "FontColor": [0.9725490196078431, 0.7333333333333333, 0.8156862745098039, 1], "CodeStepNum": 37, "HowManyTimes": 50}, {"StepRow": 77, "Code": "WrongSide", "Action": "Purl", "FontColor": [0.9725490196078431, 0.7333333333333333, 0.8156862745098039, 1], "CodeStepNum": 38, "HowManyTimes": 50}, {"StepRow": 79, "Code": "WrongSide", "Action": "Purl", "FontColor": [0.9725490196078431, 0.7333333333333333, 0.8156862745098039, 1], "CodeStepNum": 39, "HowManyTimes": 50}, {"StepRow": 81, "Code": "WrongSide", "Action": "Purl", "FontColor": [0.9725490196078431, 0.7333333333333333, 0.8156862745098039, 1], "CodeStepNum": 40, "HowManyTimes": 50}, {"StepRow": 83, "Code": "WrongSide", "Action": "Purl", "FontColor": [0.9725490196078431, 0.7333333333333333, 0.8156862745098039, 1], "CodeStepNum": 41, "HowManyTimes": 50}, {"StepRow": 85, "Code": "WrongSide", "Action": "Purl", "FontColor": [0.9725490196078431, 0.7333333333333333, 0.8156862745098039, 1], "CodeStepNum": 42, "HowManyTimes": 50}, {"StepRow": 87, "Code": "WrongSide", "Action": "Purl", "FontColor": [0.9725490196078431, 0.7333333333333333, 0.8156862745098039, 1], "CodeStepNum": 43, "HowManyTimes": 50}, {"StepRow": 89, "Code": "WrongSide", "Action": "Purl", "FontColor": [0.9725490196078431, 0.7333333333333333, 0.8156862745098039, 1], "CodeStepNum": 44, "HowManyTimes": 50}, {"StepRow": 91, "Code": "WrongSide", "Action": "Purl", "FontColor": [0.9725490196078431, 0.7333333333333333, 0.8156862745098039, 1], "CodeStepNum": 45, "HowManyTimes": 50}, {"StepRow": 93, "Code": "WrongSide", "Action": "Purl", "FontColor": [0.9725490196078431, 0.7333333333333333, 0.8156862745098039, 1], "CodeStepNum": 46, "HowManyTimes": 50}, {"StepRow": 95, "Code": "WrongSide", "Action": "Purl", "FontColor": [0.9725490196078431, 0.7333333333333333, 0.8156862745098039, 1], "CodeStepNum": 47, "HowManyTimes": 50}, {"StepRow": 97, "Code": "WrongSide", "Action": "Purl", "FontColor": [0.9725490196078431, 0.7333333333333333, 0.8156862745098039, 1], "CodeStepNum": 48, "HowManyTimes": 50}, {"StepRow": 99, "Code": "WrongSide", "Action": "Purl", "FontColor": [0.9725490196078431, 0.7333333333333333, 0.8156862745098039, 1], "CodeStepNum": 49, "HowManyTimes": 50}, {"StepRow": 101, "Code": "WrongSide", "Action": "Purl", "FontColor": [0.9725490196078431, 0.7333333333333333, 0.8156862745098039, 1], "CodeStepNum": 50, "HowManyTimes": 50}]