[{"Code": "CastOn", "StepRow": 1, "Action": "", "HowManyTimes": 1, "HowOften": 1, "StartRow": 1, "FontColor": [0.8784313725490196, 0.9490196078431372, 0.9450980392156862, 1]}, {"Code": "RightSide", "StepRow": 1, "Action": "Knit", "HowManyTimes": 50, "HowOften": 2, "StartRow": 2, "FontColor": [0.7333333333333333, 0.8666666666666667, 0.984313725490196, 1]}, {"Code": "WrongSide", "StepRow": 1, "Action": "Purl", "HowManyTimes": 50, "HowOften": 2, "StartRow": 3, "FontColor": [0.9725490196078431, 0.7333333333333333, 0.8156862745098039, 1]}]